dataset,frame,yaw_deg,class_name,object_count,object_points,hits,hit_ratio
kitti_mini,000008,0.0000000000,Car,6,5127,5108,0.9962941291
kitti_mini,000008,0.0000000000,Van,0,0,0,NaN
kitti_mini,000008,0.0000000000,Pedestrian,0,0,0,NaN
kitti_mini,000008,0.0000000000,Cyclist,0,0,0,NaN
kitti_mini,000008,0.5000000000,Car,6,5127,5067,0.9882972499
kitti_mini,000008,0.5000000000,Van,0,0,0,NaN
kitti_mini,000008,0.5000000000,Pedestrian,0,0,0,NaN
kitti_mini,000008,0.5000000000,Cyclist,0,0,0,NaN
kitti_mini,000008,1.0000000000,Car,6,5127,4978,0.9709381705
kitti_mini,000008,1.0000000000,Van,0,0,0,NaN
kitti_mini,000008,1.0000000000,Pedestrian,0,0,0,NaN
kitti_mini,000008,1.0000000000,Cyclist,0,0,0,NaN
kitti_mini,000008,2.0000000000,Car,6,5127,4709,0.9184708406
kitti_mini,000008,2.0000000000,Van,0,0,0,NaN
kitti_mini,000008,2.0000000000,Pedestrian,0,0,0,NaN
kitti_mini,000008,2.0000000000,Cyclist,0,0,0,NaN
kitti_mini,000008,3.0000000000,Car,6,5127,4443,0.8665886483
kitti_mini,000008,3.0000000000,Van,0,0,0,NaN
kitti_mini,000008,3.0000000000,Pedestrian,0,0,0,NaN
kitti_mini,000008,3.0000000000,Cyclist,0,0,0,NaN
kitti_mini,000011,0.0000000000,Car,2,418,415,0.9928229665
kitti_mini,000011,0.0000000000,Van,0,0,0,NaN
kitti_mini,000011,0.0000000000,Pedestrian,4,307,306,0.9967426710
kitti_mini,000011,0.0000000000,Cyclist,0,0,0,NaN
kitti_mini,000011,0.5000000000,Car,2,418,371,0.8875598086
kitti_mini,000011,0.5000000000,Van,0,0,0,NaN
kitti_mini,000011,0.5000000000,Pedestrian,4,307,263,0.8566775244
kitti_mini,000011,0.5000000000,Cyclist,0,0,0,NaN
kitti_mini,000011,1.0000000000,Car,2,418,318,0.7607655502
kitti_mini,000011,1.0000000000,Van,0,0,0,NaN
kitti_mini,000011,1.0000000000,Pedestrian,4,307,190,0.6188925081
kitti_mini,000011,1.0000000000,Cyclist,0,0,0,NaN
kitti_mini,000011,2.0000000000,Car,2,418,204,0.4880382775
kitti_mini,000011,2.0000000000,Van,0,0,0,NaN
kitti_mini,000011,2.0000000000,Pedestrian,4,307,65,0.2117263844
kitti_mini,000011,2.0000000000,Cyclist,0,0,0,NaN
kitti_mini,000011,3.0000000000,Car,2,418,98,0.2344497608
kitti_mini,000011,3.0000000000,Van,0,0,0,NaN
kitti_mini,000011,3.0000000000,Pedestrian,4,307,16,0.0521172638
kitti_mini,000011,3.0000000000,Cyclist,0,0,0,NaN
kitti_mini,000049,0.0000000000,Car,14,3456,3456,1.0000000000
kitti_mini,000049,0.0000000000,Van,2,340,340,1.0000000000
kitti_mini,000049,0.0000000000,Pedestrian,2,761,727,0.9553219448
kitti_mini,000049,0.0000000000,Cyclist,0,0,0,NaN
kitti_mini,000049,0.5000000000,Car,14,3456,3419,0.9892939815
kitti_mini,000049,0.5000000000,Van,2,340,329,0.9676470588
kitti_mini,000049,0.5000000000,Pedestrian,2,761,695,0.9132720105
kitti_mini,000049,0.5000000000,Cyclist,0,0,0,NaN
kitti_mini,000049,1.0000000000,Car,14,3456,3295,0.9534143519
kitti_mini,000049,1.0000000000,Van,2,340,311,0.9147058824
kitti_mini,000049,1.0000000000,Pedestrian,2,761,649,0.8528252300
kitti_mini,000049,1.0000000000,Cyclist,0,0,0,NaN
kitti_mini,000049,2.0000000000,Car,14,3456,2998,0.8674768519
kitti_mini,000049,2.0000000000,Van,2,340,268,0.7882352941
kitti_mini,000049,2.0000000000,Pedestrian,2,761,557,0.7319316689
kitti_mini,000049,2.0000000000,Cyclist,0,0,0,NaN
kitti_mini,000049,3.0000000000,Car,14,3456,2659,0.7693865741
kitti_mini,000049,3.0000000000,Van,2,340,227,0.6676470588
kitti_mini,000049,3.0000000000,Pedestrian,2,761,432,0.5676741130
kitti_mini,000049,3.0000000000,Cyclist,0,0,0,NaN
