dataset,frame,yaw_deg,n_points,inside_image,object_points,hits,hit_ratio
kitti_mini,000008,0.0000000000,122555,17238,5127,5108,0.9962941291
kitti_mini,000008,0.5000000000,122555,17281,5127,5067,0.9882972499
kitti_mini,000008,1.0000000000,122555,17316,5127,4978,0.9709381705
kitti_mini,000008,2.0000000000,122555,17384,5127,4709,0.9184708406
kitti_mini,000008,3.0000000000,122555,17436,5127,4443,0.8665886483
kitti_mini,000011,0.0000000000,108004,19946,725,721,0.9944827586
kitti_mini,000011,0.5000000000,108004,19946,725,634,0.8744827586
kitti_mini,000011,1.0000000000,108004,19952,725,508,0.7006896552
kitti_mini,000011,2.0000000000,108004,19963,725,269,0.3710344828
kitti_mini,000011,3.0000000000,108004,19948,725,114,0.1572413793
kitti_mini,000049,0.0000000000,113691,18093,4557,4523,0.9925389511
kitti_mini,000049,0.5000000000,113691,18134,4557,4443,0.9749835418
kitti_mini,000049,1.0000000000,113691,18174,4557,4255,0.9337283300
kitti_mini,000049,2.0000000000,113691,18229,4557,3823,0.8389291200
kitti_mini,000049,3.0000000000,113691,18231,4557,3318,0.7281105991
